{
  "M_list": [
    1,
    2,
    4,
    8,
    16,
    32
  ],
  "d": 8,
  "N": 40,
  "K": 4,
  "gens": 30,
  "lam": 1.0,
  "M_val": 16,
  "pool_extra": 6,
  "runs": 300,
  "train_regret": [
    15.0003759772232,
    10.601549545351286,
    7.206824390611467,
    4.733369955876962,
    3.4245472579286993,
    2.6524107058594133
  ],
  "robust_regret": [
    2.718693912769255,
    2.565240144006308,
    2.3114679744323676,
    2.3994149703438663,
    2.068454800425323,
    1.936207473774322
  ],
  "train_se": [
    0.4484688800590853,
    0.32789000958856473,
    0.22840028629126702,
    0.18172751749413643,
    0.13488481202068386,
    0.11852037910816907
  ],
  "robust_se": [
    0.13521107394764698,
    0.12789543007196155,
    0.1236361399360749,
    0.12979754906796165,
    0.11492868268548527,
    0.1093654749823869
  ],
  "train_budget": [
    1200,
    2400,
    4800,
    9600,
    19200,
    38400
  ],
  "robust_budget": [
    6000,
    7200,
    9600,
    14400,
    24000,
    43200
  ]
}